{"cameraMode":{"drawMode":0,"name":"Shaded","section":"Shading Mode"},"sceneLighting":true,"audioPlay":false,"sceneViewState":{"showFog":true,"showMaterialUpdate":false,"showSkybox":true,"showFlares":true,"showImageEffects":true,"showParticleSystems":true},"in2DMode":false,"pivot":{"x":-97.48016357421875,"y":-71.49553680419922,"z":-2.1383659839630129},"rotation":{"x":0.21915178000926972,"y":-0.6726582646369934,"z":0.219413623213768,"w":0.671842634677887},"size":164.0995330810547,"orthographic":false}