{"cameraMode":{"drawMode":0,"name":"Shaded","section":"Shading Mode"},"sceneLighting":true,"audioPlay":false,"sceneViewState":{"showFog":false,"showMaterialUpdate":false,"showSkybox":true,"showFlares":true,"showImageEffects":false,"showParticleSystems":true},"in2DMode":false,"pivot":{"x":166.4058380126953,"y":-53.54409408569336,"z":388.4322814941406},"rotation":{"x":-0.2301676720380783,"y":-0.6338108777999878,"z":0.20569348335266114,"w":-0.7092280983924866},"size":141.5853729248047,"orthographic":false}