{"cameraMode":{"drawMode":0,"name":"Shaded","section":"Shading Mode"},"sceneLighting":true,"audioPlay":false,"sceneViewState":{"showFog":false,"showMaterialUpdate":false,"showSkybox":true,"showFlares":true,"showImageEffects":false,"showParticleSystems":true},"in2DMode":false,"pivot":{"x":120.28033447265625,"y":-10.470523834228516,"z":365.5948791503906},"rotation":{"x":0.20470181107521058,"y":0.7450697422027588,"z":-0.2642369866371155,"w":0.577195942401886},"size":70.20635986328125,"orthographic":false}