{"cameraMode":{"drawMode":0,"name":"Shaded","section":"Shading Mode"},"sceneLighting":false,"audioPlay":false,"sceneViewState":{"showFog":false,"showMaterialUpdate":false,"showSkybox":false,"showFlares":true,"showImageEffects":false,"showParticleSystems":true},"in2DMode":false,"pivot":{"x":37.08000183105469,"y":15.124414443969727,"z":344.1133117675781},"rotation":{"x":0.1492455154657364,"y":0.7281513214111328,"z":-0.16781257092952729,"w":0.6475824117660523},"size":24.689374923706056,"orthographic":false}