{"cameraMode":{"drawMode":0,"name":"Shaded","section":"Shading Mode"},"sceneLighting":false,"audioPlay":false,"sceneViewState":{"showFog":false,"showMaterialUpdate":false,"showSkybox":false,"showFlares":true,"showImageEffects":false,"showParticleSystems":true},"in2DMode":false,"pivot":{"x":13.773493766784668,"y":-11.702996253967286,"z":-69.79678344726563},"rotation":{"x":0.0015522683970630169,"y":0.9923321604728699,"z":-0.1229877695441246,"w":0.012518726289272309},"size":242.8592071533203,"orthographic":false}