{"cameraMode":{"drawMode":0,"name":"Shaded","section":"Shading Mode"},"sceneLighting":true,"audioPlay":false,"sceneViewState":{"showFog":false,"showMaterialUpdate":false,"showSkybox":true,"showFlares":true,"showImageEffects":false,"showParticleSystems":true},"in2DMode":false,"pivot":{"x":292.7666320800781,"y":116.76559448242188,"z":141.78533935546876},"rotation":{"x":-0.04426061734557152,"y":0.9548828601837158,"z":-0.185930997133255,"w":-0.22730863094329835},"size":713.9317626953125,"orthographic":false}