{"cameraMode":{"drawMode":0,"name":"Shaded","section":"Shading Mode"},"sceneLighting":true,"audioPlay":false,"sceneViewState":{"showFog":false,"showMaterialUpdate":false,"showSkybox":true,"showFlares":true,"showImageEffects":false,"showParticleSystems":true},"in2DMode":false,"pivot":{"x":242.39772033691407,"y":-56.48201370239258,"z":435.5900573730469},"rotation":{"x":0.12313656508922577,"y":0.5648417472839356,"z":-0.08571457862854004,"w":0.8114479184150696},"size":279.01422119140627,"orthographic":false}