{"cameraMode":{"drawMode":0,"name":"Shaded","section":"Shading Mode"},"sceneLighting":true,"audioPlay":false,"sceneViewState":{"showFog":false,"showMaterialUpdate":false,"showSkybox":true,"showFlares":true,"showImageEffects":false,"showParticleSystems":true},"in2DMode":false,"pivot":{"x":89.02212524414063,"y":7.696834564208984,"z":383.73309326171877},"rotation":{"x":0.2204437106847763,"y":0.6333897709846497,"z":-0.1951046884059906,"w":0.7156511545181274},"size":33.64442443847656,"orthographic":false}