{"cameraMode":{"drawMode":0,"name":"Shaded","section":"Shading Mode"},"sceneLighting":false,"audioPlay":false,"sceneViewState":{"showFog":false,"showMaterialUpdate":false,"showSkybox":false,"showFlares":true,"showImageEffects":false,"showParticleSystems":true},"in2DMode":false,"pivot":{"x":51.25608444213867,"y":-4.947362422943115,"z":33.842689514160159},"rotation":{"x":0.1801837533712387,"y":0.6717798709869385,"z":-0.1736087054014206,"w":0.6972211003303528},"size":7.935686111450195,"orthographic":false}