{"cameraMode":{"drawMode":0,"name":"Shaded","section":"Shading Mode"},"sceneLighting":true,"audioPlay":false,"sceneViewState":{"showFog":false,"showMaterialUpdate":false,"showSkybox":true,"showFlares":true,"showImageEffects":true,"showParticleSystems":true},"in2DMode":false,"pivot":{"x":345.0110168457031,"y":-167.7124481201172,"z":73.80979919433594},"rotation":{"x":-0.16555659472942353,"y":-0.7634187936782837,"z":0.21572640538215638,"w":-0.5858813524246216},"size":485.2154846191406,"orthographic":false}