{"cameraMode":{"drawMode":0,"name":"Shaded","section":"Shading Mode"},"sceneLighting":true,"audioPlay":false,"sceneViewState":{"showFog":false,"showMaterialUpdate":false,"showSkybox":true,"showFlares":true,"showImageEffects":false,"showParticleSystems":true},"in2DMode":false,"pivot":{"x":604.9232177734375,"y":-351.0634460449219,"z":495.158203125},"rotation":{"x":0.22599641978740693,"y":0.6083791851997376,"z":-0.1864008903503418,"w":0.7376070618629456},"size":696.6748046875,"orthographic":false}