{"cameraMode":{"drawMode":0,"name":"Shaded","section":"Shading Mode"},"sceneLighting":true,"audioPlay":false,"sceneViewState":{"showFog":false,"showMaterialUpdate":false,"showSkybox":true,"showFlares":true,"showImageEffects":false,"showParticleSystems":true},"in2DMode":false,"pivot":{"x":97.82492065429688,"y":-0.5114669799804688,"z":382.1858215332031},"rotation":{"x":0.20470181107521058,"y":0.7450697422027588,"z":-0.2642369866371155,"w":0.577195942401886},"size":54.72262191772461,"orthographic":false}