{"cameraMode":{"drawMode":0,"name":"Shaded","section":"Shading Mode"},"sceneLighting":true,"audioPlay":false,"sceneViewState":{"showFog":false,"showMaterialUpdate":false,"showSkybox":true,"showFlares":true,"showImageEffects":false,"showParticleSystems":true},"in2DMode":false,"pivot":{"x":325.0800476074219,"y":-150.55487060546876,"z":322.2746276855469},"rotation":{"x":0.1816646009683609,"y":0.7121612429618836,"z":-0.19963622093200684,"w":0.6480511426925659},"size":394.93548583984377,"orthographic":false}