{"cameraMode":{"drawMode":0,"name":"Shaded","section":"Shading Mode"},"sceneLighting":true,"audioPlay":false,"sceneViewState":{"showFog":true,"showMaterialUpdate":false,"showSkybox":true,"showFlares":true,"showImageEffects":true,"showParticleSystems":true},"in2DMode":false,"pivot":{"x":78.87806701660156,"y":15.504365921020508,"z":375.8966064453125},"rotation":{"x":0.06257171928882599,"y":0.7806228995323181,"z":-0.07919121533632279,"w":0.6167992353439331},"size":6.198205947875977,"orthographic":false}