{"cameraMode":{"drawMode":0,"name":"Shaded","section":"Shading Mode"},"sceneLighting":false,"audioPlay":false,"sceneViewState":{"showFog":true,"showMaterialUpdate":false,"showSkybox":false,"showFlares":true,"showImageEffects":true,"showParticleSystems":true},"in2DMode":false,"pivot":{"x":37.54011917114258,"y":16.729236602783204,"z":348.50445556640627},"rotation":{"x":-0.04621933400630951,"y":0.6990287899971008,"z":-0.04536737874150276,"w":-0.7121551632881165},"size":31.942182540893556,"orthographic":false}