{"cameraMode":{"drawMode":0,"name":"Shaded","section":"Shading Mode"},"sceneLighting":false,"audioPlay":false,"sceneViewState":{"showFog":true,"showMaterialUpdate":false,"showSkybox":false,"showFlares":true,"showImageEffects":true,"showParticleSystems":true},"in2DMode":false,"pivot":{"x":82.65284729003906,"y":18.506813049316408,"z":383.711181640625},"rotation":{"x":-0.14006733894348145,"y":-0.8177568912506104,"z":0.223951056599617,"w":-0.5114243626594544},"size":28.578840255737306,"orthographic":false}