{"cameraMode":{"drawMode":0,"name":"Shaded","section":"Shading Mode"},"sceneLighting":true,"audioPlay":false,"sceneViewState":{"showFog":true,"showMaterialUpdate":false,"showSkybox":true,"showFlares":true,"showImageEffects":true,"showParticleSystems":true},"in2DMode":false,"pivot":{"x":-224.1444091796875,"y":-474.379638671875,"z":-1212.669189453125},"rotation":{"x":-0.03615724667906761,"y":0.9604917168617249,"z":-0.14989271759986878,"w":-0.23169061541557313},"size":2732.7578125,"orthographic":false}