{"cameraMode":{"drawMode":0,"name":"Shaded","section":"Shading Mode"},"sceneLighting":true,"audioPlay":false,"sceneViewState":{"showFog":false,"showMaterialUpdate":false,"showSkybox":true,"showFlares":true,"showImageEffects":false,"showParticleSystems":true},"in2DMode":false,"pivot":{"x":221.26034545898438,"y":-128.8914794921875,"z":409.28045654296877},"rotation":{"x":0.2739298641681671,"y":0.6078870296478272,"z":-0.23549826443195344,"w":0.7070929408073425},"size":240.56626892089845,"orthographic":false}