{"cameraMode":{"drawMode":0,"name":"Shaded","section":"Shading Mode"},"sceneLighting":true,"audioPlay":false,"sceneViewState":{"showFog":false,"showMaterialUpdate":false,"showSkybox":true,"showFlares":true,"showImageEffects":false,"showParticleSystems":true},"in2DMode":false,"pivot":{"x":225.85891723632813,"y":-115.63668060302735,"z":425.7590026855469},"rotation":{"x":-0.26502132415771487,"y":-0.5665349960327148,"z":0.19900810718536378,"w":-0.7544557452201843},"size":231.0169219970703,"orthographic":false}