{"cameraMode":{"drawMode":0,"name":"Shaded","section":"Shading Mode"},"sceneLighting":true,"audioPlay":false,"sceneViewState":{"showFog":true,"showMaterialUpdate":false,"showSkybox":true,"showFlares":true,"showImageEffects":true,"showParticleSystems":true},"in2DMode":false,"pivot":{"x":50.645023345947269,"y":8.408686637878418,"z":266.9469909667969},"rotation":{"x":0.14749649167060853,"y":0.7388088703155518,"z":-0.17167069017887116,"w":0.6347719430923462},"size":43.257728576660159,"orthographic":false}