{"cameraMode":{"drawMode":0,"name":"Shaded","section":"Shading Mode"},"sceneLighting":false,"audioPlay":false,"sceneViewState":{"showFog":false,"showMaterialUpdate":false,"showSkybox":false,"showFlares":true,"showImageEffects":false,"showParticleSystems":true},"in2DMode":false,"pivot":{"x":7.71999979019165,"y":2.729196071624756,"z":0.5608381032943726},"rotation":{"x":-0.16974395513534547,"y":0.6542404890060425,"z":-0.15409013628959657,"w":-0.7207033634185791},"size":12.810773849487305,"orthographic":false}