{"cameraMode":{"drawMode":0,"name":"Shaded","section":"Shading Mode"},"sceneLighting":true,"audioPlay":false,"sceneViewState":{"showFog":false,"showMaterialUpdate":false,"showSkybox":true,"showFlares":true,"showImageEffects":false,"showParticleSystems":true},"in2DMode":false,"pivot":{"x":94.9383544921875,"y":4.584573745727539,"z":385.8038024902344},"rotation":{"x":0.13961614668369294,"y":0.7239019274711609,"z":-0.15361368656158448,"w":0.6579378843307495},"size":48.708641052246097,"orthographic":false}