{"cameraMode":{"drawMode":0,"name":"Shaded","section":"Shading Mode"},"sceneLighting":false,"audioPlay":false,"sceneViewState":{"showFog":true,"showMaterialUpdate":false,"showSkybox":false,"showFlares":true,"showImageEffects":true,"showParticleSystems":true},"in2DMode":false,"pivot":{"x":-11.661630630493164,"y":0.21644675731658936,"z":-0.40912580490112307},"rotation":{"x":-0.2880520224571228,"y":0.21341760456562043,"z":-0.06601783633232117,"w":-0.9311936497688294},"size":2.7879533767700197,"orthographic":false}