{"cameraMode":{"drawMode":0,"name":"Shaded","section":"Shading Mode"},"sceneLighting":true,"audioPlay":false,"sceneViewState":{"showFog":true,"showMaterialUpdate":false,"showSkybox":true,"showFlares":true,"showImageEffects":true,"showParticleSystems":true},"in2DMode":false,"pivot":{"x":0.20695582032203675,"y":-14.262969970703125,"z":7.448587417602539},"rotation":{"x":-0.4567233920097351,"y":-0.0021372847259044649,"z":0.001097369589842856,"w":-0.8896064758300781},"size":43.51105499267578,"orthographic":false}