{"cameraMode":{"drawMode":0,"name":"Shaded","section":"Shading Mode"},"sceneLighting":true,"audioPlay":false,"sceneViewState":{"showFog":true,"showMaterialUpdate":false,"showSkybox":true,"showFlares":true,"showImageEffects":true,"showParticleSystems":true},"in2DMode":false,"pivot":{"x":-4.7930827140808109,"y":-10.089143753051758,"z":1.8141870498657227},"rotation":{"x":-0.4672698676586151,"y":-0.01803544908761978,"z":0.009535091929137707,"w":-0.8838819265365601},"size":29.470478057861329,"orthographic":false}