{"cameraMode":{"drawMode":0,"name":"Shaded","section":"Shading Mode"},"sceneLighting":false,"audioPlay":false,"sceneViewState":{"showFog":true,"showMaterialUpdate":false,"showSkybox":false,"showFlares":true,"showImageEffects":true,"showParticleSystems":true},"in2DMode":false,"pivot":{"x":-6.986727237701416,"y":0.9162915349006653,"z":-3.7279999256134035},"rotation":{"x":-0.13210339844226838,"y":-0.8332547545433044,"z":0.22603975236415864,"w":-0.4869755208492279},"size":1.9165840148925782,"orthographic":false}