{"cameraMode":{"drawMode":0,"name":"Shaded","section":"Shading Mode"},"sceneLighting":true,"audioPlay":false,"sceneViewState":{"showFog":true,"showMaterialUpdate":false,"showSkybox":true,"showFlares":true,"showImageEffects":true,"showParticleSystems":true},"in2DMode":false,"pivot":{"x":1375.1121826171875,"y":142.47259521484376,"z":-233.44921875},"rotation":{"x":-0.0008889054297469556,"y":0.9773271083831787,"z":-0.21169385313987733,"w":-0.004103830549865961},"size":1999.6995849609375,"orthographic":false}