{"cameraMode":{"drawMode":0,"name":"Shaded","section":"Shading Mode"},"sceneLighting":false,"audioPlay":false,"sceneViewState":{"showFog":true,"showMaterialUpdate":false,"showSkybox":false,"showFlares":true,"showImageEffects":true,"showParticleSystems":true},"in2DMode":false,"pivot":{"x":-9.09041976928711,"y":0.4074472188949585,"z":-0.11891412734985352},"rotation":{"x":-0.24739979207515717,"y":-0.1587209701538086,"z":0.04111997410655022,"w":-0.9549413323402405},"size":2.613452196121216,"orthographic":false}