{"cameraMode":{"drawMode":0,"name":"Shaded","section":"Shading Mode"},"sceneLighting":false,"audioPlay":false,"sceneViewState":{"showFog":true,"showMaterialUpdate":false,"showSkybox":false,"showFlares":true,"showImageEffects":true,"showParticleSystems":true},"in2DMode":false,"pivot":{"x":-8.84243392944336,"y":0.26028430461883547,"z":-0.06674474477767945},"rotation":{"x":-0.2323751151561737,"y":-0.3992949426174164,"z":0.10536594688892365,"w":-0.8806054592132568},"size":1.413452386856079,"orthographic":false}