{"cameraMode":{"drawMode":0,"name":"Shaded","section":"Shading Mode"},"sceneLighting":true,"audioPlay":false,"sceneViewState":{"showFog":true,"showMaterialUpdate":false,"showSkybox":true,"showFlares":true,"showImageEffects":true,"showParticleSystems":true},"in2DMode":false,"pivot":{"x":84.1731185913086,"y":19.45343017578125,"z":384.8023376464844},"rotation":{"x":0.12518759071826936,"y":0.20798882842063905,"z":-0.02686356008052826,"w":0.9697316884994507},"size":3.002880573272705,"orthographic":false}