{"cameraMode":{"drawMode":0,"name":"Shaded","section":"Shading Mode"},"sceneLighting":false,"audioPlay":false,"sceneViewState":{"showFog":true,"showMaterialUpdate":false,"showSkybox":false,"showFlares":true,"showImageEffects":true,"showParticleSystems":true},"in2DMode":false,"pivot":{"x":0.7930207252502441,"y":0.030823588371276857,"z":0.13412129878997804},"rotation":{"x":0.031908296048641208,"y":-0.9500585198402405,"z":0.29264870285987856,"w":0.10359076410531998},"size":1.9697589874267579,"orthographic":false}