{"cameraMode":{"drawMode":0,"name":"Shaded","section":"Shading Mode"},"sceneLighting":true,"audioPlay":false,"sceneViewState":{"showFog":true,"showMaterialUpdate":false,"showSkybox":true,"showFlares":true,"showImageEffects":true,"showParticleSystems":true},"in2DMode":false,"pivot":{"x":-0.7551921606063843,"y":-15.861200332641602,"z":5.5863447189331059},"rotation":{"x":-0.4567233920097351,"y":-0.0021372847259044649,"z":0.001097369589842856,"w":-0.8896064758300781},"size":35.928321838378909,"orthographic":false}