{"cameraMode":{"drawMode":0,"name":"Shaded","section":"Shading Mode"},"sceneLighting":true,"audioPlay":false,"sceneViewState":{"showFog":true,"showMaterialUpdate":false,"showSkybox":true,"showFlares":true,"showImageEffects":true,"showParticleSystems":true},"in2DMode":false,"pivot":{"x":14.392683982849121,"y":-14.685983657836914,"z":-10.77468490600586},"rotation":{"x":-0.0003166728129144758,"y":0.9644842743873596,"z":-0.2641374468803406,"w":-0.0011562671279534698},"size":44.554134368896487,"orthographic":false}