{"cameraMode":{"drawMode":0,"name":"Shaded","section":"Shading Mode"},"sceneLighting":false,"audioPlay":false,"sceneViewState":{"showFog":true,"showMaterialUpdate":false,"showSkybox":false,"showFlares":true,"showImageEffects":true,"showParticleSystems":true},"in2DMode":false,"pivot":{"x":6.4644856452941898,"y":2.505112648010254,"z":2.6670665740966799},"rotation":{"x":-0.08559349179267883,"y":0.8336276412010193,"z":-0.13495808839797975,"w":-0.5287057757377625},"size":2.3960201740264894,"orthographic":false}