{"cameraMode":{"drawMode":0,"name":"Shaded","section":"Shading Mode"},"sceneLighting":true,"audioPlay":false,"sceneViewState":{"showFog":true,"showMaterialUpdate":false,"showSkybox":true,"showFlares":true,"showImageEffects":true,"showParticleSystems":true},"in2DMode":false,"pivot":{"x":84.97293853759766,"y":18.730382919311525,"z":383.18084716796877},"rotation":{"x":-0.13210339844226838,"y":-0.8332547545433044,"z":0.22603975236415864,"w":-0.4869755208492279},"size":5.773555755615234,"orthographic":false}