{"cameraMode":{"drawMode":0,"name":"Shaded","section":"Shading Mode"},"sceneLighting":false,"audioPlay":false,"sceneViewState":{"showFog":true,"showMaterialUpdate":false,"showSkybox":false,"showFlares":true,"showImageEffects":true,"showParticleSystems":true},"in2DMode":false,"pivot":{"x":0.6674965023994446,"y":0.19027793407440186,"z":-0.1570265293121338},"rotation":{"x":-0.04809746891260147,"y":0.9517790079116821,"z":-0.20615944266319276,"w":-0.22204811871051789},"size":1.980973482131958,"orthographic":false}