{"cameraMode":{"drawMode":0,"name":"Shaded","section":"Shading Mode"},"sceneLighting":true,"audioPlay":false,"sceneViewState":{"showFog":true,"showMaterialUpdate":false,"showSkybox":true,"showFlares":true,"showImageEffects":true,"showParticleSystems":true},"in2DMode":false,"pivot":{"x":96.57003784179688,"y":58.84741973876953,"z":358.85662841796877},"rotation":{"x":0.04490923881530762,"y":0.932045042514801,"z":-0.33747774362564089,"w":0.12403029948472977},"size":122.56580352783203,"orthographic":false}