{"cameraMode":{"drawMode":0,"name":"Shaded","section":"Shading Mode"},"sceneLighting":false,"audioPlay":false,"sceneViewState":{"showFog":true,"showMaterialUpdate":false,"showSkybox":false,"showFlares":true,"showImageEffects":true,"showParticleSystems":true},"in2DMode":false,"pivot":{"x":-7.679999828338623,"y":0.8760625720024109,"z":-4.619999885559082},"rotation":{"x":-0.3653317093849182,"y":-0.06666398048400879,"z":0.026240438222885133,"w":-0.9281173944473267},"size":2.3955044746398927,"orthographic":false}